10994854,Why the sudden spike in interest in gold ETFs?,https://www.moneycontrol.com/news/mcminis/personal-finance/why-the-sudden-spike-in-interest-in-gold-etfs-7646131.html
10994855,Centre Will Examine DMRC's Request For Financial Aid To Run Metro Trains: Official,https://www.moneycontrol.com/news/india/centre-will-examine-dmrcs-request-for-financial-aid-to-run-metro-trains-official-7653871.html
10994835,The Metaverse Is Zuckerberg’s Escape Hatch,https://www.moneycontrol.com/news/technology/the-metaverse-is-zuckerbergs-escape-hatch-7653771.html
10994836,"Nirmala Sitharaman meets Singapore, Canada FMs; discusses opportunities for collaboration",https://www.moneycontrol.com/news/trends/current-affairs-trends/nirmala-sitharaman-meets-singapore-canada-fms-discusses-opportunities-for-collaboration-7653761.html
10994838,"Uttar Pradesh govt bans sale, use of firecrackers in NCR, areas where air quality is ‘poor’",https://www.moneycontrol.com/news/india/uttar-pradesh-govt-bans-sale-use-of-firecrackers-in-ncr-areas-where-air-quality-is-poor-7653691.html
10994841,Janet Yellen says White House spending plans won't fuel inflation,https://www.moneycontrol.com/news/business/economy/janet-yellen-says-white-house-spending-plans-wont-fuel-inflation-7653781.html
10994840,Over 105 crore Covid vaccine doses administered in India: Govt,https://www.moneycontrol.com/news/coronavirus/over-105-crore-covid-vaccine-doses-administered-in-india-govt-7653801.html
10994842,Godrej Group all set for a split between the brothers: Reports,https://www.moneycontrol.com/news/business/godrej-group-all-set-for-a-split-between-the-brothers-reports-7644591.html
10994843,Bearishness to sustain next week as all eyes shift to US Fed,https://economictimes.indiatimes.com/markets/stocks/news/bearishness-to-sustain-next-week-as-all-eyes-shift-to-us-fed/articleshow/87373923.cms
10994845,RBI eases current account opening rules for exposure below Rs 5 cr,https://www.business-standard.com/article/economy-policy/rbi-eases-current-account-opening-rules-for-exposure-below-rs-5-cr-121102901642_1.html
10994812,Twin-tower demolition to take longer than 3 months: Supertech informs NOIDA,https://www.moneycontrol.com/news/business/real-estate/twin-tower-demolition-to-take-longer-than-3-months-supertech-informs-noida-7653721.html
10994846,Fino Payments Bank IPO Subscribed 51% On First Day Of Issue,https://www.ndtv.com/business/fino-payments-bank-ipo-subscription-fino-payments-bank-ipo-subscribed-51-on-first-day-of-issue-2592815
10994829,RBI Imposes Rs 56 Lakh Penalty On Nainital Bank For Violating Norms,https://www.ndtv.com/business/reserve-bank-of-india-rbi-imposes-rs-56-lakh-monetary-penalty-on-nainital-bank-2592799
10994814,SJS Enterprises raises Rs 240 crore from anchor investors ahead of IPO,https://www.moneycontrol.com/news/business/ipo/sjs-enterprises-raises-rs-240-crore-from-anchor-investors-ahead-of-ipo-7653681.html
10994809,Chola Q2 net rises 40% to ₹607 cr.,https://www.thehindu.com/business/chola-q2-net-rises-40-to-607-cr/article37237406.ece
10994817,Bajaj Auto continues to outperform the two-wheeler sector; Right time to invest?,https://www.moneycontrol.com/news/technology/auto/bajaj-auto-continues-to-outperform-the-two-wheeler-sector-right-time-to-invest-7653511.html
10994818,India will use its ‘margin of persuasion’ to make sure fuel prices are down: Hardeep Singh Puri,https://www.moneycontrol.com/news/trends/current-affairs-trends/india-will-use-its-margin-of-persuasion-to-make-sure-fuel-prices-are-down-hardeep-singh-puri-7653611.html
10994822,Just Dial sees significant QoQ 20% jump in demand for precious metals,https://economictimes.indiatimes.com/markets/commodities/news/just-dial-sees-significant-qoq-20-jump-in-demand-for-precious-metals/articleshow/87372558.cms
10994824,Dish TV to seek more time for conducting annual general meeting,https://www.business-standard.com/article/pti-stories/dish-tv-to-seek-more-time-for-conducting-annual-general-meeting-121102901558_1.html
10994819,"BPCL Q2 net profit up 24% to Rs 3,200.9 crore on lower base; revenue jump to Rs 1.02 lakh crore",https://www.moneycontrol.com/news/business/earnings/bpcl-q2-net-profit-up-24-to-rs-3200-9-crore-on-lower-base-revenue-jump-to-rs-1-02-lakh-crore-7653631.html
10994821,"Stocks edge lower on Wall Street, pulled down by Big Tech",https://www.moneycontrol.com/news/business/markets/stocks-edge-lower-on-wall-street-pulled-down-by-big-tech-7653601.html
10994825,Oyo denies all charges by Zostel about failed buyout deal in letter,https://www.business-standard.com/article/companies/oyo-denies-all-charges-by-zostel-about-failed-buyout-deal-in-letter-121102901538_1.html
10994826,Godrej Group headed for split of $4.1 billion business empire: Report,https://www.business-standard.com/article/companies/godrej-group-headed-for-split-of-4-1-billion-business-empire-report-121102901537_1.html
10994786,Stricter implementation of 12-minute ad cap rule to hit TV industry hard,https://www.moneycontrol.com/news/trends/entertainment/stricter-implementation-of-12-minute-ad-cap-rule-to-hit-tv-industry-hard-7652181.html
10994823,Market Watch: What are the factors that may guide markets in November?,https://economictimes.indiatimes.com/markets/stocks/etmarkets-podcast/market-watch-what-are-the-factors-that-may-guide-markets-in-november/podcast/87371704.cms
10994788,"Full seating capacity at Delhi cinema halls, 200 people allowed at weddings, funerals",https://www.moneycontrol.com/news/trends/health-trends/full-seating-capacity-at-delhi-cinema-halls-200-people-allowed-at-weddings-funerals-7653551.html
10994787,Here’s Ministry of Road Transport's guide to bring down road fatalities,https://www.moneycontrol.com/news/india/heres-ministry-of-road-transports-guide-to-bring-down-road-fatalities-7653421.html
10994827,Sept core sector growth drops to 4.4% YoY as rains affect infra activity,https://www.business-standard.com/article/economy-policy/sept-core-sector-growth-drops-to-4-4-yoy-as-rains-affect-infra-activity-121102901513_1.html
10994806,Embassy REIT Q2 operating income rises 30% at  ₹624 crore,https://www.livemint.com/money/personal-finance/embassy-reit-q2-operating-income-rises-30-at-rs-624-crore-11635517833555.html
10994789,"Facebook Inc. changes its name to Meta; a look at its history, key milestones and controversies",https://www.moneycontrol.com/news/photos/world/facebook-inc-changes-its-name-to-meta-a-look-at-its-history-key-milestones-and-controversies-7653261.html
10994790,"Yezdi Nagporewalla appointed new CEO of KPMG in India, to take office in Feb 2022",https://www.moneycontrol.com/news/business/companies/yezdi-nagporewalla-appointed-new-ceo-of-kpmg-in-india-to-take-office-in-feb-2022-7653501.html
10994808,Asian Paints bites the price-hike bullet,https://finshots.in/markets/asian-paints-bites-the-price-hike-bullet/
10994791,Finance Ministry releases revised guidelines ushering in reforms in public procurement,https://www.moneycontrol.com/news/business/finance-ministry-releases-revised-guidelines-ushering-in-reforms-in-public-procurement-7653541.html
10994792,Non-food bank credit grows at 6.8% in September: RBI data,https://www.moneycontrol.com/news/business/economy/non-food-bank-credit-grows-at-6-8-in-september-rbi-data-7653531.html
10994811,"Steamhouse plans capex of ₹2,500 crore, initiates talks with PE investors",https://www.thehindu.com/business/steamhouse-plans-capex-of-2500-crore-initiates-talks-with-pe-investors/article37235848.ece
10994793,"The Reading List: October 29, 2021",https://www.moneycontrol.com/news/opinion/the-reading-list-october-29-2021-7653141.html
10994794,"IRCTC-Railways convenience fee kerfuffle: Why did the stock tank, who decides the charge and other questions answered",https://www.moneycontrol.com/news/business/irctc-railways-convenience-fee-kerfuffle-why-did-the-stock-tank-who-decides-the-charge-and-other-questions-answered-7653471.html
10994784,Wibmo unveils Tridentity offline OTP solution,https://www.thehindu.com/business/wibmo-unveils-tridentity-offline-otp-solution/article37235771.ece
10994785,Sensex drops 678 points on selling pressure,https://www.thehindu.com/business/sensex-drops-678-points-on-selling-pressure/article37235726.ece
10994795,Market selloff: Investors lose Rs 6.15 lakh crore in 3 days,https://www.moneycontrol.com/news/business/markets/market-selloff-investors-lose-rs-6-15-lakh-crore-in-3-days-7653491.html
10994800,Yezdi Nagporewalla appointed KPMG India CEO; to take charge from Feb 2022,https://www.business-standard.com/article/companies/yezdi-nagporewalla-appointed-kpmg-india-ceo-to-take-charge-from-feb-2022-121102901259_1.html
10994801,"Move over Apple, Microsoft now the world's most valuable company",https://www.business-standard.com/article/international/move-over-apple-microsoft-now-the-world-s-most-valuable-company-121102901473_1.html
10994807,RBI Eases Current Account Norms For Banks,https://www.bloombergquint.com/business/rbi-eases-current-account-norms-for-banks
10994802,"Adani Group to invest in Cleartrip, deepens strategic ties with Flipkart",https://www.business-standard.com/article/companies/adani-group-to-invest-in-cleartrip-deepens-strategic-ties-with-flipkart-121102901432_1.html
10994803,India extends ban on international commercial flights till Nov 30,https://www.business-standard.com/article/current-affairs/india-extends-ban-on-international-commercial-flights-till-nov-30-121102901400_1.html
10994763,Railways' Gati Shakti Express debuts today between Delhi-Patna,https://www.moneycontrol.com/news/india/railways-gati-shakti-express-debuts-today-between-delhi-patna-7653191.html
10994796,"Apple, Amazon knock S&P 500, Nasdaq off record peak at open",https://economictimes.indiatimes.com/markets/stocks/news/apple-amazon-knock-sp-500-nasdaq-off-record-peak-at-open/articleshow/87369822.cms
10994764,"No total ban on use of firecrackers, fireworks containing Barium salts prohibited: SC",https://www.moneycontrol.com/news/india/no-total-ban-on-use-of-firecrackers-fireworks-containing-barium-salts-prohibited-sc-7653221.html
10994797,"We have to choose volume over short-term margins, says Marico MD",https://economictimes.indiatimes.com/markets/expert-view/we-have-to-choose-volume-over-short-term-margins-says-marico-md/articleshow/87369678.cms
10994765,"Dish TV seeks more time to hold AGM, requests extension up to December 31",https://www.moneycontrol.com/news/business/companies/dish-tv-seeks-more-time-to-hold-agm-requests-extension-up-to-december-31-7653051.html
10994804,Centre's fiscal deficit at 35% of budget estimates vs 115% a year ago,https://www.business-standard.com/article/economy-policy/centre-s-fiscal-deficit-at-35-of-budget-estimates-vs-115-a-year-ago-121102901396_1.html
10994759,Facebook's Metaverse fortune is tied to Oculus,https://www.thehindu.com/sci-tech/technology/todays-cache-newsletter/article37233612.ece
10994767,"North, South Blocks to be converted into National Museums, Centre tells SC",https://www.moneycontrol.com/news/india/north-south-blocks-to-be-converted-into-national-museums-centre-tells-sc-7653161.html
10994798,"Oyo hits back at Zostel, says no restriction imposed on the company from changing its shareholding pattern, no stay granted by Delhi HC on proposed offer",https://economictimes.indiatimes.com/markets/stocks/news/oyo-zostel-case-oyo-clarifies-to-sebi-that-no-restriction-imposed-on-it-from-changing-shareholding-pattern/articleshow/87369400.cms
10994769,"Eight core industries' output rose 4.4% YoY in September, data show",https://www.moneycontrol.com/news/business/economy/eight-core-industries-output-rose-4-4-yoy-in-september-data-show-7652991.html
10994828,"IRCTC convenience fee controversy will impact PSU pack, say analysts",https://www.business-standard.com/article/markets/irctc-convenience-fee-controversy-will-impact-psu-pack-say-analysts-121102901371_1.html
10994770,RBI allows banks to open current accounts for borrowers availing credit from other banks,https://www.moneycontrol.com/news/business/rbi-allows-banks-to-open-current-accounts-for-borrowers-availing-credit-from-other-banks-7653031.html
10994771,"Kerala logs 7,772 new COVID-19 infections",https://www.moneycontrol.com/news/india/kerala-logs-7772-new-covid-19-infections-7653131.html
10994773,Market Movers: IRCTC’s roller-coaster ride leaves investors nauseous,https://economictimes.indiatimes.com/markets/stocks/news/market-movers-irctcs-roller-coaster-ride-leaves-investors-nauseous/articleshow/87369086.cms
10994780,Government's Fiscal Deficit Touches 35% Of Budget Estimate: Report,https://www.ndtv.com/business/fiscal-deficit-data-governments-fiscal-deficit-at-rs-5-26-lakh-crore-touches-35-of-annual-target-by-half-fiscal-period-2592592
10994781,BPCL Q2 Results: Profit Jumps 79% Beating Estimates,https://www.bloombergquint.com/business/bpcl-q2-results-profit-jumps-79-beating-estimates
10994782,Adani Group Gets A Piece Of Travel Portal Cleartrip ,https://www.bloombergquint.com/business/adani-group-gets-a-piece-of-travel-portal-cleartrip
10994772,"United Spirits’ investors are high on strong Q2, improved recovery outlook",https://www.moneycontrol.com/news/business/earnings/united-spirits-investors-are-high-on-strong-q2-improved-recovery-outlook-7652571.html
10994844,"All about Bitcoin - Birthday, Billionaires and more",https://economictimes.indiatimes.com/markets/cryptocurrency/all-about-bitcoin-birthday-billionaires-and-more/articleshow/87367637.cms
10994762,Top economy and business news of the day| Honda to start battery sharing service for e-three wheelers in India; India's April-Sept fiscal deficit touches $70.4 bln; Power prices see price correction on improved coal supplies and more,https://www.thehindu.com/business/business-news-live-asian-markets-update-sensex-falls-700-points/article37224786.ece
10994760,"Govt. appoints Justice Ashok Bhushan as NCLAT chairperson, Justice R. Sudhakar as NCLT president",https://www.thehindu.com/business/Industry/govt-appoints-justice-ashok-bhushan-as-nclat-chairperson-justice-r-sudhakar-as-nclt-president/article37232589.ece
10994761,Core sectors' growth hits seven-month low in September,https://www.thehindu.com/business/Industry/eight-core-sectors-output-up-44-in-september/article37231742.ece
10994727,Google rolls out Chrome update to fix zero day exploits,https://www.moneycontrol.com/news/technology/google-rolls-out-chrome-update-to-fix-zero-day-exploits-7652521.html
10994728,Wheels India announces Rs 37 crore capex to meet rising exports demand,https://www.moneycontrol.com/news/business/companies/wheels-india-announces-rs-37-crore-capex-to-meet-rising-exports-demand-7652861.html
10994729,"Indian nationals, OCI need NOC to take admission in Pakistan engineering colleges: AICTE",https://www.moneycontrol.com/news/india/indian-nationals-oci-need-noc-to-take-admission-in-pakistan-engineering-colleges-aicte-7652791.html
10994749,DRL plans to start paediatric trials of Sputnik Light vaccine soon,https://www.business-standard.com/article/current-affairs/drl-plans-to-start-paediatric-trials-of-sputnik-light-vaccine-soon-121102901231_1.html
10994748,Output of eight core sectors increases 4.4% in September,https://www.business-standard.com/article/pti-stories/output-of-eight-core-sectors-increases-4-4-in-september-121102901199_1.html
10994755,Infrastructure Output Of Core Sectors Rises 4.4% In September,https://www.ndtv.com/business/infrastructure-output-in-september-2021-infrastructure-output-of-core-sectors-rises-4-4-in-september-2592527
10994730,"DRDO, IAF successfully flight test indigenously developed Long Range Bomb",https://www.moneycontrol.com/news/trends/current-affairs-trends/drdo-iaf-successfully-flight-test-indigenously-developed-long-range-bomb-7652761.html
10994750,Reliance Jio won't opt for 4-year payment moratorium: Report,https://www.business-standard.com/article/companies/reliance-jio-won-t-opt-for-4-year-payment-moratorium-report-121102901206_1.html
10994732,A look at the odd and unusual images from around the world this past week,https://www.moneycontrol.com/news/photos/world/a-look-at-the-odd-and-unusual-images-from-around-the-world-this-past-week-7652621.html
10994775,Ajanta Pharma Q2 results: Profit up 15% at Rs 196 crore,https://economictimes.indiatimes.com/markets/stocks/earnings/ajanta-pharma-q2-results-profit-up-15-at-rs-196-crore/articleshow/87367281.cms
10994776,Gold declines Rs 271; silver cracks Rs 687,https://economictimes.indiatimes.com/markets/commodities/news/gold-declines-rs-271-silver-cracks-rs-687/articleshow/87367211.cms
10994738,"'Squid Games' mania turns Rs 1,000 into Rs 3.45 lakh in less than 100 hours",https://economictimes.indiatimes.com/markets/cryptocurrency/squid-games-mania-turns-rs-1000-into-rs-3-45-lakh-in-less-than-100-hours/articleshow/87367026.cms
10994757,"Bandhan Bank Q2 Results: Reports Rs 3,009-Crore Loss On Higher Provisions",https://www.bloombergquint.com/business/bandhan-bank-q2-results-reports-rs-3009-crore-loss-on-higher-provisions
10994753,"Latest news: Actor Puneeth Rajkumar dies, Modi says it's 'no age to go'",https://www.business-standard.com/article/current-affairs/latest-news-live-orange-alert-issued-for-coastal-areas-of-tamil-nadu-121102900183_1.html
10994740,Edelweiss Group Q2 results: Firm returns to profit; says assets mgmt & broking to drive growth,https://economictimes.indiatimes.com/markets/stocks/earnings/edelweiss-group-q2-results-firm-returns-to-profit-says-assets-mgmt-broking-to-drive-growth/articleshow/87366823.cms
10994733,"JioPhone Next price in India announced; buy the 4G smartphone for as low as Rs 1,999",https://www.moneycontrol.com/news/technology/jiophone-next-price-in-india-announced-attractive-emi-plans-offered-7652801.html
10994742,Share market update: Most active stocks in today's market in terms of volume,https://economictimes.indiatimes.com/markets/stocks/stock-watch/share-market-update-most-active-stocks-in-todays-market-in-terms-of-volume/articleshow/87366653.cms
10994734,Shaktikanta Das gets 3-year extension: Why the Centre loves the DeMon spearhead,https://www.moneycontrol.com/news/india/shaktikanta-das-gets-3-year-extension-why-the-centre-loves-the-demon-spearhead-7652741.html
10994735,We need more ARCs so financiers can focus on incremental lending: Deepak Parekh,https://www.moneycontrol.com/news/business/companies/we-need-more-arcs-so-financiers-can-focus-on-incremental-lending-deepak-parekh-7651321.html
10994736,"Zayn Malik, Gigi Hadid break up after 6 years, singer wants to co-parent daughter",https://www.moneycontrol.com/news/trends/entertainment/zayn-malik-gigi-hadid-break-up-after-6-years-singer-wants-to-co-parent-daughter-7652611.html
10994746,"Biggest gainers & losers of the day: Ujjivan soars 19%, Subex tank 17%",https://economictimes.indiatimes.com/markets/stocks/news/biggest-gainers-losers-of-the-day-ujjivan-soars-19-subex-tank-17/articleshow/87366291.cms
10994754,"Yes Bank, BankBazaar launch credit card that allows creditworthiness tracking",https://www.livemint.com/money/personal-finance/yes-bank-bankbazaar-launch-credit-card-that-allows-creditworthiness-tracking-11635507035344.html
10994747,Stock market update: Stocks that hit 52-week highs on NSE in today's trade,https://economictimes.indiatimes.com/markets/stocks/stock-watch/stock-market-update-stocks-that-hit-52-week-highs-on-nse-in-todays-trade/articleshow/87366240.cms
10994687,"Kareena Kapoor, Karishma Kapoor rent out showroom space for Rs 6 lakh a month to jewellery brand",https://www.moneycontrol.com/news/business/real-estate/kareena-kapoor-karishma-kapoor-rent-out-showroom-space-for-rs-6-lakh-a-month-to-jewellery-brand-7650091.html
10994721,Court Rejects Future's Plea For Stay On Singapore Arbitration Order,https://www.ndtv.com/business/reliance-future-deal-delhi-high-court-rejects-future-retails-plea-for-stay-on-arbitration-order-2592418
10994715,India's April-Sept fiscal deficit touches $70.4 billion: Govt data,https://www.business-standard.com/article/economy-policy/india-s-april-sept-fiscal-deficit-touches-70-4-billion-govt-data-121102901073_1.html
10994688,"How McDonald’s stayed relevant in India, future expansion plans & creating shareholder value",https://www.moneycontrol.com/news/business/how-mcdonalds-stayed-relevant-in-india-future-expansion-plans-creating-shareholder-value-7652281.html
10994689,Gainers & Losers: 10 stocks that moved the most on October 29,https://www.moneycontrol.com/news/photos/business/stocks/gainers-losers-10-stocks-that-moved-the-most-on-october-29-2-7651771.html
10994702,"Tech View: Nifty50 forms bearish candle, all eyes of 17,500 level",https://economictimes.indiatimes.com/markets/stocks/news/tech-view-nifty50-forms-bearish-candle-all-eyes-of-17500-level/articleshow/87365397.cms
10994690,"Taking Stock: Profit booking on 3rd day drags Nifty below 17,700, Sensex falls 677 pts",https://www.moneycontrol.com/news/business/markets/taking-stock-profit-booking-on-3rd-day-drags-nifty-below-17700-sensex-falls-677-pts-7652501.html
10994704,Rural recovery helped led to huge profit jump in Mahindra Financial in Q2: Ramesh Iyer,https://economictimes.indiatimes.com/markets/expert-view/rural-recovery-helped-led-to-huge-profit-jump-in-mahindra-financial-in-q2-ramesh-iyer/articleshow/87365065.cms
10994691,"Bajar Gupshup | Benchmarks see biggest weekly fall in eight months, led by financials & IT",https://www.moneycontrol.com/news/business/bajar-gupshup-benchmarks-see-biggest-weekly-fall-in-eight-months-led-by-financials-it-7652591.html
10994692,Prudent Corporate Advisory acquires mutual fund business of Karvy Stock Broking,https://www.moneycontrol.com/news/business/personal-finance/prudent-corporate-advisory-acquires-mutual-fund-business-of-karvy-stock-broking-7652301.html
10994693,"Amazon Great Indian Festival, Flipkart Big Diwali Sale live: Here are some of the best deals on smartphones",https://www.moneycontrol.com/news/photos/technology/amazon-great-indian-festival-flipkart-big-diwali-sale-live-here-are-some-of-the-best-deals-on-smartphones-7647721.html
10994716,"Beauty platform Purplle.com raises $75 mn from Kedaara, Sequoia and Blume",https://www.business-standard.com/article/companies/beauty-platform-purplle-com-raises-75-mn-from-kedaara-sequoia-and-blume-121102901076_1.html
10994777,"Power prices see price correction at IEX on improved coal supplies, onset of winter season",https://economictimes.indiatimes.com/markets/companies/power-prices-see-price-correction-at-iex-on-improved-coal-supplies-onset-of-winter-season/articleshow/87367384.cms
10994694,Bombay High Court directs Aryan Khan to execute personal bond of Rs one lakh for bail,https://www.moneycontrol.com/news/trends/bombay-high-court-directs-aryan-khan-to-execute-personal-bond-of-rs-one-lakh-for-bail-7652541.html
10994695,Explained : What is the Bharti Airtel vs Centre GST refund case all about?,https://www.moneycontrol.com/news/business/explained-what-is-the-bharti-airtel-vs-centre-gst-refund-case-all-about-7649901.html
10994696,Neutral Bajaj Auto; target of Rs 4200: Motilal Oswal,https://www.moneycontrol.com/news/business/stocks/neutral-bajaj-auto-target-of-rs-4200-motilal-oswal-7651871.html
10994682,Rupee inches higher by 4 paise to end at 74.88 against U.S. dollar,https://www.thehindu.com/business/markets/rupee-inches-higher-by-4-paise-to-end-at-7488-against-us-dollar/article37229558.ece
10994708,"Sensex tumbles 678 pts, Nifty ends below 17,700; IRCTC plunges 8%",https://economictimes.indiatimes.com/markets/stocks/news/sensex-tumbles-678-pts-nifty-ends-below-17700-irctc-plunges-8/videoshow/87364822.cms
10994709,Sensex  falls! But these  stocks gained over 10% on BSE,https://economictimes.indiatimes.com/markets/stocks/stock-watch/sensex-falls-but-these-stocks-gained-over-10-on-bse/articleshow/87364755.cms
10994683,Meta Platforms shares rise as Facebook rebrands to focus on metaverse,https://www.thehindu.com/sci-tech/technology/internet/meta-platforms-shares-rise-as-facebook-rebrands-to-focus-on-metaverse/article37228935.ece
10994685,Bosch to invest more than 400 mln eur in chip production,https://www.thehindu.com/sci-tech/technology/bosch-to-invest-more-than-400-mln-eur-in-chip-production/article37228905.ece
10994712,"Nifty50, Sensex end lower for second successive day; IRCTC sinks 8%",https://economictimes.indiatimes.com/markets/stocks/news/nifty50-sensex-end-lower-for-second-successive-day-irctc-sinks-8/articleshow/87364520.cms
10994717,"CAIT pegs Rs 50,000 cr losses to Chinese exporters this Diwali",https://www.business-standard.com/article/economy-policy/cait-pegs-rs-50-000-cr-losses-to-chinese-exporters-this-diwali-121102900954_1.html
10994718,Branded formulations drive Eris Lifesciences' Q2 PAT up by 10% to Rs 118 cr,https://www.business-standard.com/article/companies/branded-formulations-drive-eris-lifesciences-q2-pat-up-by-10-to-rs-118-cr-121102901011_1.html
10994724,IBC Liquidations: The Regulatory Vacuum,https://www.bloombergquint.com/law-and-policy/ibc-liquidations-the-regulatory-vacuum
10994719,Zendesk to acquire SurveyMonkey owner for $4 bn in all-stock deal,https://www.business-standard.com/article/companies/zendesk-to-acquire-surveymonkey-owner-for-4-bn-in-all-stock-deal-121102901009_1.html
10994684,"Sensex tanks 678 points; Nifty ends below 17,700",https://www.thehindu.com/business/markets/sensex-tanks-678-points-nifty-ends-below-17700/article37229219.ece
10994655,"Silver slides below Rs 65,000 on dollar uptick, weakness in gold, industrial metals",https://www.moneycontrol.com/news/business/commodities/silver-slides-below-rs-65000-on-dollar-uptick-weakness-in-gold-industrial-metals-7651991.html
10994657,Obituary | Puneeth Rajkumar: One of the most beloved Kannada actors,https://www.moneycontrol.com/news/india/obituary-puneeth-rajkumar-one-of-the-most-beloved-kannada-actors-7651931.html
10994656,"IPL 14 ad volumes dip marginally, brand count falls 6% from season 13",https://www.moneycontrol.com/news/trends/ipl-14-ad-volumes-dip-marginally-brand-count-falls-6-from-season-13-7649211.html
10994677,'When #Shiba?' Ask Robinhood Users Hungry For Dogecoin-Like Returns,https://www.ndtv.com/business/when-shiba-ask-robinhood-users-hungry-for-dogecoin-like-returns-2592324
10994658,The Road Ahead For India's Vaccination Campaign,https://www.moneycontrol.com/news/trends/health-trends/the-road-ahead-for-indias-vaccination-campaign-7652221.html
10994661,Lexus India boss: Constantly evaluating the right time to launch an EV in India,https://www.moneycontrol.com/news/automobile/lexus-india-boss-constantly-evaluating-the-right-time-to-launch-an-ev-in-india-7651961.html
10994675,"Banks, IT drag Sensex 678 pts down, Nifty gives up 17,700; IRCTC falls 8%",https://www.business-standard.com/article/markets/market-live-sensex-nifty-indigo-irctc-tata-power-adani-gas-fino-ipo-121102900167_1.html
10994665,Emami Q2 results: Profit rises 56% to Rs 185 crore,https://economictimes.indiatimes.com/markets/stocks/earnings/emami-q2-results-profit-rises-56-to-rs-185-crore/articleshow/87363615.cms
10994662,Intel NUC Elk Bay Review: Desktop power in an ultra-compact form factor,https://www.moneycontrol.com/news/technology/intel-nuc-elk-bay-review-desktop-power-in-an-ultra-compact-form-factor-7649191.html
10994676,Sovereign gold bond subscription ends today: Key things to know,https://www.livemint.com/money/personal-finance/sovereign-gold-bond-subscription-ends-today-key-things-to-know-11635501032522.html
10994663,Moneycontrol Pro Panorama | What tilted the scales in Shaktikanta Das’ favour?,https://www.moneycontrol.com/news/opinion/moneycontrol-pro-panorama-what-tilted-the-scales-in-shaktikanta-das-favour-7652011.html
10994678,"Sensex, Nifty Fall For Third Day In A Row Dragged By Banks",https://www.ndtv.com/business/share-market-updates-sensex-nifty-fall-for-third-day-in-a-row-dragged-by-banks-2592296
10994680,Variable Dearness Allowance Hike To Benefit 1.5 Crore Central Sphere Workers,https://www.bloombergquint.com/economy-finance/variable-dearness-allowance-hike-to-benefit-15-crore-central-sphere-workers
10994652,Govt. approves 8.5% interest rate on Employees' Provident Fund for FY21,https://www.thehindu.com/business/Economy/govt-approves-85-interest-rate-on-employees-provident-fund-for-fy21/article37228705.ece
10994720,E-commerce firm Meesho announces $5.5 mn ESOP liquidation programme,https://www.business-standard.com/article/companies/e-commerce-firm-meesho-announces-5-5-mn-esop-liquidation-programme-121102900770_1.html
10994669,"KFC, Pizza Hut operator Sapphire Foods' IPO to open on Nov 9",https://www.business-standard.com/article/pti-stories/kfc-pizza-hut-operator-sapphire-foods-ipo-to-open-on-nov-9-121102900800_1.html
10994681,Dr. Reddy’s Q2 Results: Profit Surges 1.6 Times On All-Round Growth,https://www.bloombergquint.com/quarterly-earnings/dr-reddys-q2-results-profit-surges-16-times-on-all-round-growth
10994670,Indian consumers seek to spend 25% of monthly salary on festive sales,https://www.business-standard.com/article/current-affairs/indian-consumers-seek-to-spend-25-of-monthly-salary-on-festive-sales-121102900894_1.html
10994666,"GAIL Q2 results: Net profit doubles to Rs 2,863 crore",https://economictimes.indiatimes.com/markets/stocks/earnings/gail-q2-results-net-profit-doubles-to-rs-2863-crore/articleshow/87362855.cms
10994799,Vodafone Idea board clears opting for 4-year moratorium on AGR payment,https://economictimes.indiatimes.com/markets/stocks/news/vodafone-idea-board-clears-opting-for-4-year-moratorium-on-agr-payment/articleshow/87369611.cms
10994672,"GAIL's Q2 net up 168% to Rs 2,873 cr on strong show across segments",https://www.business-standard.com/article/companies/gail-s-q2-net-up-168-to-rs-2-873-cr-on-strong-show-across-segments-121102900903_1.html
10994679,Provident Fund Interest Rate Kept Unchanged At 8.5% For 2020-21: Report,https://www.ndtv.com/business/provident-fund-interest-rate-kept-unchanged-at-8-5-for-2020-21-report-2592257
10994626,3 farm laws will also be withdrawn soon: Rahul  Gandhi after cops start removing barricades at protest site,https://www.moneycontrol.com/news/politics/3-farm-laws-will-also-be-withdrawn-soon-rahul-gandhi-after-cops-start-removing-barricades-at-protest-site-7651921.html
10994627,RBI board reviews economic situation,https://www.moneycontrol.com/news/business/economy/rbi-board-reviews-economic-situation-7651911.html
10994628,Finance Ministry ratifies 8.5% interest rate for provident fund,https://www.moneycontrol.com/news/business/finance-ministry-ratifies-8-5-interest-rate-for-provident-fund-7651341.html
10994629,Purplle raises $75 million led by Kedaara Capital to build house of brands ,https://www.moneycontrol.com/news/business/startup/purplle-raises-75-million-led-by-kedaara-capital-to-build-house-of-brands-7651831.html
10994630,Mamata Banerjee parries question on her being in race for PM's post in 2024,https://www.moneycontrol.com/news/politics/mamata-banerjee-parries-question-on-her-being-in-race-for-pms-post-in-2024-7651841.html
10994667,India remains a good long term investment for a lot of foreign investors: Kunal Kapoor,https://economictimes.indiatimes.com/markets/expert-view/india-remains-a-good-long-term-investment-for-a-lot-of-foreign-investors-kunal-kapoor/articleshow/87362096.cms
10994635,Chris Wood says India only market worth owning for next 10 years,https://economictimes.indiatimes.com/markets/stocks/news/chris-wood-says-india-only-market-worth-owning-for-next-10-years/articleshow/87361825.cms
10994631,Lonely Planet | Top 10 countries to visit in 2022,https://www.moneycontrol.com/news/photos/trends/travel-trends/lonely-planet-top-10-countries-to-visit-in-2022-7651441.html
10994632,Storyboard | Facebook’s brand Meta-morphosis is not a quick fix,https://www.moneycontrol.com/news/trends/features/storyboard-facebooks-brand-meta-morphosis-is-not-a-quick-fix-7651431.html
10994636,"Sebi's proposed ESG disclosure to address risk of ""green washing"": Experts ",https://economictimes.indiatimes.com/markets/stocks/news/sebis-proposed-esg-disclosure-to-address-risk-of-green-washing-experts/articleshow/87361687.cms
10994633,Twitter gives hosts the ability to record and share Spaces on iOS; feature coming to Android soon,https://www.moneycontrol.com/news/technology/twitter-gives-hosts-the-ability-to-record-and-share-spaces-on-ios-feature-coming-to-android-soon-7651351.html
10994649,"MARKETS: Sensex down 400pts, Nifty slips 100pts; Dr.Reddys's soars 7%",https://www.business-standard.com/article/markets/market-live-sensex-nifty-indigo-irctc-tata-power-adani-gas-fino-ipo-121102900167_1.html
10994637,"IndusInd Bank raises Rs 2,800 cr debt capital via bonds",https://economictimes.indiatimes.com/markets/bonds/indusind-bank-raises-rs-2800-cr-debt-capital-via-bonds/articleshow/87361587.cms
10994624,PM Jan Dhan Yojna accounts swell to 44 crore till October this year,https://www.thehindu.com/business/Economy/pm-jan-dhan-yojna-accounts-swell-to-44-crore-till-october-this-year/article37227392.ece
10994634,PM Modi meets Presidents of European Council and European Commission,https://www.moneycontrol.com/news/india/pm-modi-meets-presidents-of-european-council-and-european-commission-7651421.html
10994646,"Dr Reddys Labs gains 7% as profit grows 30% YoY in Q2, margins expand",https://www.business-standard.com/article/markets/dr-reddys-labs-gains-7-as-profit-grows-30-yoy-in-q2-margins-expand-121102900756_1.html
10994638,Tata Power shares  fall  3.1% as Nifty  drops ,https://economictimes.indiatimes.com/markets/stocks/stock-watch/tata-power-shares-fall-3-1-as-nifty-drops/articleshow/87361092.cms
10994639,SBI Card always looking for opportunities to engage with fintechs: MD,https://economictimes.indiatimes.com/markets/expert-view/sbi-card-always-looking-for-opportunities-to-engage-with-fintechs-md/articleshow/87360835.cms
10994647,'Just give us our money': Taliban push to unlock Afghan billions,https://www.business-standard.com/article/international/just-give-us-our-money-taliban-push-to-unlock-afghan-billions-121102900735_1.html
10994595,Central Vista: SC to hear plea related to change in land use on November 16,https://www.moneycontrol.com/news/india/central-vista-sc-to-hear-plea-related-to-change-in-land-use-on-november-16-7651251.html
10994615,HC rejects Future's plea to stay Singapore arbitrator's order: Report,https://www.business-standard.com/article/companies/hc-rejects-future-retail-s-plea-to-stay-s-pore-arbitrator-s-order-report-121102900724_1.html
10994641,Avenue Supermart  declines  0.63% as Sensex  slides ,https://economictimes.indiatimes.com/markets/stocks/stock-watch/avenue-supermart-declines-0-63-as-sensex-slides/articleshow/87360801.cms
10994597,Zee-Invesco court war: Division bench sets next hearing on November 29,https://www.moneycontrol.com/news/business/companies/zee-invesco-court-war-division-bench-sets-next-hearing-on-november-29-7648841.html
10994598,Apple says doubled business in India in fiscal ended September,https://www.moneycontrol.com/news/business/apple-says-doubled-business-in-india-in-fiscal-ended-september-7651261.html
10994643,Amitabh Bachchan’s NFT auction to go live on November 1,https://economictimes.indiatimes.com/markets/cryptocurrency/amitabh-bachchans-nft-auction-to-go-live-on-november-1/articleshow/87360100.cms
10994600,Farm laws | Varun Gandhi demands legal guarantee for MSP,https://www.moneycontrol.com/news/trends/current-affairs-trends/farm-laws-varun-gandhi-demands-legal-guarantee-for-msp-7651221.html
10994591,Quantum jump in software exports from Kozhikode IT parks ,https://www.thehindu.com/news/cities/kozhikode/quantum-jump-in-software-exports-from-kozhikode-it-parks/article37227068.ece
10994602,"Tata Motors bags order for 3,500 XPRES-T EV units from BluSmart Mobility",https://www.moneycontrol.com/news/technology/auto/tata-motors-bags-order-for-3500-xpres-t-ev-units-from-blusmart-mobility-7651291.html
10994603,Will expose nexus between Sameer Wankhede and some BJP leaders in Maharashtra's winter session: Nawab Malik,https://www.moneycontrol.com/news/politics/will-expose-nexus-between-sameer-wankhede-and-some-bjp-leaders-in-maharashtras-winter-session-nawab-malik-7651301.html
10994619,"Sensex Drops Over 500 Points, Nifty Below 17,750 As Banking Shares Drag",https://www.ndtv.com/business/share-market-live-updates-sensex-drops-over-500-points-nifty-below-17-750-banking-shares-drag-2592144
10994604,"Chennai Super Kings (not out) Rs 7,240 crore. N Srinivasan c Supreme Court b Analysts",https://www.moneycontrol.com/news/opinion/chennai-super-kings-not-out-rs-7240-crore-n-srinivasan-c-supreme-court-b-analysts-7651171.html
10994620,"Gold Prices Today: Gold, Silver Rates Decline On Global Cues",https://www.ndtv.com/business/gold-prices-today-gold-silver-rates-decline-on-global-cues-2592130
10994616,Veteran bankers to advise Godrej group promoters on division of assets,https://www.business-standard.com/article/economy-policy/nimesh-kampani-uday-kotak-to-advise-godrej-family-on-division-of-assets-121102900410_1.html
10994605,"Multibagger Tracker: After 600% rally, this IT midcap in no mood to slow down",https://economictimes.indiatimes.com/markets/stocks/news/multibagger-tracker-after-600-rally-this-it-midcap-in-no-mood-to-slow-down/articleshow/87359928.cms
10994617,Latest news LIVE: Tennis veteran Leander Paes joins Trinamool Congress,https://www.business-standard.com/article/current-affairs/latest-news-live-orange-alert-issued-for-coastal-areas-of-tamil-nadu-121102900183_1.html
10994607,"Biconomy drives more than 12,000 new token holders through CoinList public sale",https://economictimes.indiatimes.com/markets/cryptocurrency/biconomy-drives-more-than-12000-new-token-holders-through-coinlist-public-sale/articleshow/87359395.cms
10994608,Shriram Trans Fin stock price  down  1.95 per cent as Sensex  slides ,https://economictimes.indiatimes.com/markets/stocks/stock-watch/shriram-trans-fin-stock-price-down-1-95-per-cent-as-sensex-slides/articleshow/87359809.cms
10994621,"RBL Bank Slumps After Profit Declines, Asset Quality Deteriorates In Q2",https://www.ndtv.com/business/rbl-bank-share-price-news-rbl-bank-slumps-15-per-cent-after-profit-declines-asset-quality-deteriorates-in-september-quarter-2592095
10994610,"Japan shares rise on corporate optimism, but election caution weighs",https://economictimes.indiatimes.com/markets/stocks/news/japan-shares-rise-on-corporate-optimism-but-election-caution-weighs/articleshow/87359615.cms
10994611,"Inflation worries pull Australia shares lower, financials top losers",https://economictimes.indiatimes.com/markets/stocks/news/inflation-worries-pull-australia-shares-lower-financials-top-losers/articleshow/87359541.cms
10994612,"Let’s be realistic, IRCTC valuations cannot sustain: Deepak Shenoy",https://economictimes.indiatimes.com/markets/expert-view/lets-be-realistic-irctc-valuations-cannot-sustain-deepak-shenoy/articleshow/87359465.cms
10994592,Apple doubled business in India in fiscal 2021,https://www.thehindu.com/business/Industry/apple-doubled-business-in-india-in-fiscal-2021/article37226547.ece
10994622,"The Week’s Talking Points: Multi-Speed Lanes... In Monetary Policy, Earnings, And Equity Buckets",https://www.bloombergquint.com/opinion/the-weeks-talking-points-multi-speed-lanes-in-monetary-policy-earnings-and-equity-buckets
10994614,"Consumer staples, healthcare and IT firms lift China stocks",https://economictimes.indiatimes.com/markets/stocks/news/consumer-staples-healthcare-and-it-firms-lift-china-stocks/articleshow/87359432.cms
10994568,Tech stocks weigh on European shares after Apple's warning,https://economictimes.indiatimes.com/markets/stocks/news/tech-stocks-weigh-on-european-shares-after-apples-warning/articleshow/87359333.cms
10994558,"Diwali Picks | HDFC Securities bets on RIL, L&T, HPCL, Bharti Airtel for Samvat 2078",https://www.moneycontrol.com/news/photos/business/stocks/diwali-picks-hdfc-securities-bets-on-ril-lt-hpcl-bharti-airtel-for-samvat-2078-7645891.html
10994564,"Infibeam Avenue Standalone September 2021 Net Sales at Rs 283.91 crore, up 117.62% Y-o-Y",https://www.moneycontrol.com/news/business/earnings/infibeam-avenue-standalone-september-2021-net-sales-at-rs-283-91-crore-up-117-62-y-o-y-2-7650721.html
10994583,"Alcohol stocks in limelight, jump up to 10%; United Spirits at record high",https://www.business-standard.com/article/markets/alcohol-stocks-in-limelight-jump-up-to-10-united-spirits-at-record-high-121102900597_1.html
10994573,Reversal of IRCTC revenue sharing plan positive for market: Hemang Jani,https://economictimes.indiatimes.com/markets/expert-view/reversal-of-irctc-revenue-sharing-plan-positive-for-market-hemang-jani/articleshow/87358620.cms
10994589,Lupin Q2 Results Review: Shares Jump Most In Six Months As Analysts See U.S. Sales Recovery,https://www.bloombergquint.com/markets/lupin-q2-results-review-shares-jump-most-in-six-months-as-analysts-see-us-sales-recovery
10994575,DII holding in Nifty500 stocks hit a 12-quarter low of 13.8% in Q2,https://economictimes.indiatimes.com/markets/stocks/news/dii-holding-in-nifty500-stocks-hit-a-12-quarter-low-of-13-8-in-q2/articleshow/87357790.cms
10994584,Covid-19 can be transmitted by fully vaccinated people at home: Lancet,https://www.business-standard.com/article/pti-stories/covid-19-can-be-transmitted-by-fully-vaccinated-people-at-home-lancet-study-121102900542_1.html
10994590,"IRCTC Investors Endure A Rs 18,000-Crore Swing On Convenience Fee Flip-Flop",https://www.bloombergquint.com/markets/irctc-investors-endure-as-rs-18000-crore-swing-on-convenience-fee-flip-flop
10994513,Widespread rains in southern Kerala; 'Orange Alert' for 5 districts,https://www.moneycontrol.com/news/india/widespread-rains-in-southern-kerala-orange-alert-for-5-districts-7649401.html
10994548,Extension given to the RBI governor is good for the markets,https://www.business-standard.com/article/economy-policy/extension-given-to-the-rbi-governor-is-good-for-the-markets-121102900516_1.html
10994514,"Inside Ola's plan to crack the food and grocery delivery market, again  ",https://www.moneycontrol.com/news/business/inside-olas-plan-to-crack-the-food-and-grocery-delivery-market-again-7649021.html
10994579,Why Morgan Stanley is betting on India’s sustained recovery,https://economictimes.indiatimes.com/markets/expert-view/why-morgan-stanley-is-betting-on-indias-sustained-recovery/articleshow/87357488.cms
10994580,"Ether hits all time high of $4,400",https://economictimes.indiatimes.com/markets/cryptocurrency/ether-hits-all-time-high-of-4400/articleshow/87357501.cms
10994515,Storyboard | Why and how Facebook became Meta,https://www.moneycontrol.com/news/trends/features/storyboard-why-and-how-facebook-became-meta-7649051.html
10994517,"IRCTC, Railway board to meet today to discuss revenue sharing",https://www.moneycontrol.com/news/business/irctc-railway-board-to-meet-today-to-discuss-revenue-sharing-7648951.html
10994516,"Dalmia Bharat: Q2 resilient, but risks remain",https://www.moneycontrol.com/news/business/earnings/dalmia-bharat-q2-resilient-but-risks-remain-7648101.html
10994588,Wharton School To Accept Crypto For New Executive Education Programme,https://www.ndtv.com/business/wharton-school-plans-to-accept-cryptocurrency-as-a-payment-method-2591982
10994549,"Canara Bank stock surges 10%, hits 21-month high in a subdued market",https://www.business-standard.com/article/markets/canara-bank-stock-surges-10-hits-21-month-high-in-a-subdued-market-121102900495_1.html
10994523,Shares of Jubilant Food  rise  as Nifty  drops ,https://economictimes.indiatimes.com/markets/stocks/stock-watch/shares-of-jubilant-food-rise-as-nifty-drops/articleshow/87357416.cms
10994519,Fertiliser shortage issue: Priyanka Gandhi meets families of farmers in Lalitpur,https://www.moneycontrol.com/news/politics/fertiliser-shortage-issue-priyanka-gandhi-meets-families-of-farmers-in-lalitpur-7649081.html
10994550,Ministry of Railways withdraws decision on IRCTC convenience fee,https://www.business-standard.com/article/current-affairs/railway-ministry-backtracks-on-decision-to-share-convenience-fee-with-irctc-121102900487_1.html
10994520,"DLF cuts net debt by 16% in September quarter to Rs 3,985 crore",https://www.moneycontrol.com/news/business/dlf-cuts-net-debt-by-16-in-september-quarter-to-rs-3985-crore-7649091.html
10994525,Nykaa IPO subscribed 1.73 times on Day 2 so far on retail thrust,https://economictimes.indiatimes.com/markets/ipos/fpos/nykaa-ipo-subscribed-1-73-times-on-day-2-so-far-on-retail-thrust/articleshow/87357129.cms
10994552,IRCTC: Govt withdraws decision to share convenience fee; shares recover 34%,https://www.business-standard.com/article/markets/irctc-hits-10-lower-circuit-as-railmin-seeks-50-share-of-convenience-fee-121102900291_1.html
10994521,Aryan Khan's lawyers await Bombay HC order copy on his bail to secure his release from jail,https://www.moneycontrol.com/news/india/aryan-khans-lawyers-await-bombay-hc-order-copy-on-his-bail-to-secure-his-release-from-jail-7649101.html
10994581,HAL delivers 200th gun bay door for Boeing F/A Super Hornet,https://economictimes.indiatimes.com/markets/companies/hal-delivers-200th-gun-bay-door-for-boeing-f/a-super-hornet/articleshow/87357809.cms
10994526,"Buy Gujarat Gas, target price Rs 967:  Reliance Securities ",https://economictimes.indiatimes.com/markets/stocks/recos/buy-gujarat-gas-target-price-rs-967-reliance-securities/articleshow/87357049.cms
10994522,"Exclusive: Maruti plans new plant after 15 years; sets aside Rs 2,200 cr for FY22 capex ",https://www.moneycontrol.com/news/technology/auto/exclusive-maruti-plans-new-plant-after-15-years-sets-aside-rs-2200-cr-for-fy22-capex-7649001.html
10994528,"Buy Westlife Development, target price Rs 680:  Emkay Global",https://economictimes.indiatimes.com/markets/stocks/recos/buy-westlife-development-target-price-rs-680-emkay-global/articleshow/87356952.cms
10994531,Stock market update: Power stocks  down  as market  falls ,https://economictimes.indiatimes.com/markets/stocks/stock-watch/stock-market-update-power-stocks-down-as-market-falls/articleshow/87356744.cms
10994536,Market recalibrating; broader market still 30% up: Prashant Khemka,https://economictimes.indiatimes.com/markets/expert-view/market-recalibrating-broader-market-still-30-up-prashant-khemka/articleshow/87356383.cms
10994538,Ministry of Railways withdraws convenience fee decision on IRCTC; stock recovers,https://economictimes.indiatimes.com/markets/stocks/news/railway-withdraws-convenience-fee-decision-on-irctc-stock-recovers/articleshow/87356406.cms
10994551,"CarTrade slips 7%, stock at new low on second straight quarterly loss",https://www.business-standard.com/article/markets/cartrade-tech-hits-new-low-on-net-loss-for-second-straight-quarter-121102900417_1.html
10994476,"Ronnie Screwvala on the future of edtech, global ambitions and 3 unicorns in 30 years of entrepreneurship",https://www.moneycontrol.com/news/business/ronnie-screwvala-on-the-future-of-edtech-global-ambitions-and-3-unicorns-in-30-years-of-entrepreneurship-7648771.html
10994506,Nykaa IPO Subscription Live Updates: Day 2,https://www.bloombergquint.com/ipos/nykaa-ipo-subscription-live-updates-day-2
10994479,"Cryptocurrency ether hits all time high of $4,400",https://www.moneycontrol.com/news/world/cryptocurrency-ether-hits-all-time-high-of-4400-7648851.html
10994541,Top cryptocurrency prices today: Dogecoin zooms 24%; Shiba Inu tanks 24%,https://economictimes.indiatimes.com/markets/cryptocurrency/top-cryptocurrency-prices-today-dogecoin-zooms-24-shiba-inu-tanks-24/articleshow/87355927.cms
10994481,"What should investors do with Interglobe Aviation post Q2 results: Buy, sell or hold?",https://www.moneycontrol.com/news/business/stocks/what-should-investors-do-with-interglobe-aviation-post-q2-results-buy-sell-or-hold-7647791.html
10994507,RBL Bank Q2 Review: Shares Drop Over 14% On Asset Quality Woes,https://www.bloombergquint.com/business/rbl-bank-q2-review-shares-drop-over-14-on-asset-quality-woes
10994510,"Jio pays about ₹10,700 crore to DoT towards outstanding dues of 2016 spectrum auction",https://www.thehindu.com/business/Industry/jio-pays-about-10700-crore-to-dot-towards-outstanding-dues-of-2016-spectrum-auction/article37225335.ece
10994546,RBL Bank shares tank 15% on disappointing numbers in Q2,https://economictimes.indiatimes.com/markets/stocks/news/rbl-bank-shares-tank-15-on-disappointing-numbers-in-q2/articleshow/87355831.cms
10994482,"Brokerages predict 18% upside in Marico, despite sequential drop in earnings",https://www.moneycontrol.com/news/business/stocks/brokerages-predict-18-upside-in-marico-despite-sequential-drop-in-earnings-7648561.html
10994483,Indian rupee rises 15 paise against US dollar in early trade,https://www.moneycontrol.com/news/business/markets/indian-rupee-rises-15-paise-against-us-dollar-in-early-trade-7648711.html
10994487,How govt's move on revenue sharing will impact IRCTC shareholders,https://economictimes.indiatimes.com/markets/stocks/news/how-govts-move-on-revenue-sharing-will-impact-irctc-shareholders/articleshow/87355100.cms
10994469,"U.S. lawmakers vote to tighten restrictions on Huawei, ZTE",https://www.thehindu.com/sci-tech/technology/us-lawmakers-vote-to-tighten-restrictions-on-huawei-zte/article37225017.ece
10994471,"Apple results hit by supply chain woes, Cook says holiday quarter impact will be worse",https://www.thehindu.com/sci-tech/technology/apple-results-hit-by-supply-chain-woes-cook-says-holiday-quarter-impact-will-be-worse/article37224860.ece
10994494,"​Gold rate today: Yellow metal slips below Rs 48,000; silver too declines",https://economictimes.indiatimes.com/markets/commodities/news/gold-rate-today-yellow-metal-slips-below-rs-48000-silver-too-declines/articleshow/87355288.cms
10994470,IRCTC asked to share 50% convenience fee with Ministry of Railways,https://www.thehindu.com/business/Industry/irctc-asked-to-share-50-convenience-fee-with-ministry-of-railways/article37225100.ece
10994501,"RBL Bank tanks 15% on disappointing Q2 nos, stock down 37% from 52-wk high",https://www.business-standard.com/article/markets/rbl-bank-tanks-15-on-disappointing-q2-nos-stock-down-37-from-52-wk-high-121102900343_1.html
10994468,"Tata Consumer To Exit Tea Café Chain, Transfer Business To Indian Hotels",https://www.bloombergquint.com/business/tata-consumer-to-exit-tea-caf-chain-transfer-business-to-indian-hotels
10994433,Started your Diwali shopping? Follow these six steps to spend smartly and avoid debt traps,https://www.moneycontrol.com/news/business/personal-finance/started-your-diwali-shopping-follow-these-six-steps-to-spend-smartly-and-avoid-debt-traps-7648261.html
10994434,"Gold Prices Today: Yellow metal to remain volatile, weak dollar may support rise",https://www.moneycontrol.com/news/business/markets/gold-price-today-yellow-metal-to-remain-volatile-weak-dollar-may-support-rise-7647881.html
10994435,Fino Payments Bank IPO – Should investors bet on this pricey but unique business?,https://www.moneycontrol.com/news/business/moneycontrol-research/fino-payments-bank-ipo-should-investors-bet-on-this-pricey-but-unique-business-7648091.html
10994436,Fino Payments Bank proves fintechs can be profitable: MD & CEO Rishi Gupta,https://www.moneycontrol.com/news/business/ipo/fino-payments-bank-proves-fintechs-can-be-profitable-md-ceo-rishi-gupta-7648041.html
10994438,Top diplomat says US is committed to helping Taiwan defend itself,https://www.moneycontrol.com/news/world/top-diplomat-says-us-is-committed-to-helping-taiwan-defend-itself-7648211.html
10994439,"SBI Life takes bigger COVID-19 hit, but sees stronger business momentum",https://www.moneycontrol.com/news/opinion/sbi-life-takes-bigger-covid-19-hit-but-sees-stronger-business-momentum-7647951.html
10994440,Weekly Tactical Pick: Easy Trip Planners,https://www.moneycontrol.com/news/business/moneycontrol-research/weekly-tactical-pick-easy-trip-planners-7648031.html
10994502,50 million IPhones bring Apple back to second spot among phone makers,https://www.business-standard.com/article/economy-policy/50-000-000-iphones-bring-apple-back-to-second-spot-among-phone-makers-121102900282_1.html
10994449,"IDFC First, Sterlite Tech among 5 buy ideas for the coming weeks",https://economictimes.indiatimes.com/markets/stocks/news/idfc-first-sterlite-tech-among-5-buy-ideas-for-the-coming-weeks/slideshow/87354600.cms
10994441,UNGA committee endorses India's resolution for granting Observer Status to International Solar Alliance,https://www.moneycontrol.com/news/india/unga-committee-endorses-indias-resolution-for-granting-observer-status-to-international-solar-alliance-7648131.html
10994466,Fino Payments Bank IPO Opens Today,https://www.ndtv.com/business/fino-payments-bank-initial-public-offering-ipo-opens-today-i-e-october-29-2021-2591840
10994452,"Sensex tanks over 500 points amid relentless FPI selling, weak global cues",https://economictimes.indiatimes.com/markets/stocks/news/sensex-tanks-over-500-points-amid-relentless-selling-by-fiis/articleshow/87354087.cms
10994456,How to protect your profits & portfolio in high beta midcaps?,https://economictimes.indiatimes.com/markets/expert-view/how-to-protect-your-profits-portfolio-in-high-beta-midcaps/articleshow/87339239.cms
10994463,"Fuel prices raised for 3rd straight day, Petrol touches Rs 108.64 in Delhi",https://www.business-standard.com/article/news-ani/fuel-prices-increased-for-third-consecutive-day-petrol-touches-rs-108-64-in-delhi-121102900163_1.html
10994457,"There will be value in market if Nifty comes down to 16,500 odd levels: Sandip Sabharwal",https://economictimes.indiatimes.com/markets/expert-view/there-will-be-value-in-market-if-nifty-comes-down-to-16500-odd-levels-sandip-sabharwal/articleshow/87340425.cms
10994458,ETMarkets Morning Podcast: 6 IPOs vying for your attention in Street's busiest fortnight,https://economictimes.indiatimes.com/markets/stocks/etmarkets-podcast/etmarkets-morning-podcast-6-ipos-vying-for-your-attention-in-streets-busiest-fortnight/podcast/87353673.cms
10994417,Any sell-off in Indian equities is a good time to buy: Chris Wood,https://www.business-standard.com/article/markets/any-sell-off-in-indian-equities-is-a-good-time-to-buy-chris-wood-121102900190_1.html
10994426,"Stocks To Watch: Bharti Airtel, Tata Power, Infosys, Bajaj Finserv",https://www.ndtv.com/business/stocks-to-watch-bharti-airtel-tata-power-infosys-bajaj-finserv-2591813
10994399,"Shree Cement Q2 Results Preview: Revenues may grow 3% YoY, but PAT could decline",https://www.moneycontrol.com/news/business/earnings/shree-cement-q2-results-preview-revenues-may-grow-3-yoy-but-pat-could-decline-7645841.html
10994398,Sex ratio at birth in Delhi increased from 920 to 933 in 2020: Manish Sisodia,https://www.moneycontrol.com/news/india/sex-ratio-at-birth-in-delhi-increased-from-920-to-933-in-2020-manish-sisodia-7647571.html
10994418,"Facebook parent to be called Meta, firm betting big on virtual experiences",https://www.business-standard.com/article/economy-policy/facebook-parent-to-be-called-meta-firm-betting-big-on-virtual-experiences-121102900187_1.html
10994427,"Nifty Seen Opening On A Flat Note; DLF, IndiGo, NTPC, RBL Bank In Focus",https://www.ndtv.com/business/share-market-live-updates-nifty-seen-opening-on-a-flat-note-dlf-indigo-ntpc-rbl-bank-in-focus-2591812
10994400,Last chance for humanity to save itself from climate catastrophe,https://www.moneycontrol.com/news/opinion/last-chance-for-humanity-to-save-itself-from-climate-catastrophe-7647801.html
10994408,Gold demand surges 47% in July-Sept,https://economictimes.indiatimes.com/markets/commodities/news/gold-demand-surges-47-in-july-sept/articleshow/87353285.cms
10994428,Amazon's Third Quarter Income Fell 50% Amid Disappointing Holiday Forecasts,https://www.ndtv.com/business/amazons-third-quarter-income-fell-50-and-holiday-forecast-disappoints-amid-labor-supply-issues-2591811
10994401,"Top cryptocurrency news on October 29: Major stories on Bitcoin, Dogecoin, Shiba Inu & NFTs",https://www.moneycontrol.com/news/business/cryptocurrency/top-cryptocurrency-news-on-october-29-major-stories-on-bitcoin-dogecoin-shiba-inu-nfts-7633581.html
10994409,"Buy or Sell: Stock ideas by experts for October 29, 2021",https://economictimes.indiatimes.com/markets/stocks/news/buy-or-sell-stock-ideas-by-experts-for-october-29-2021/videoshow/87353069.cms
10994419,"Stocks to Watch: IRCTC, Airtel, SBI Cards, DLF, Tata Power, Lupin, Escorts",https://www.business-standard.com/article/markets/stocks-to-watch-irctc-airtel-sbi-cards-dlf-tata-power-lupin-escorts-121102900184_1.html
10994410,Nykaa IPO is fully subscribed on Day 1,https://economictimes.indiatimes.com/markets/ipos/fpos/nykaa-ipo-is-fully-subscribed-on-day-1/articleshow/87353037.cms
10994403,Sell USDINR; target of : 74.80 : ICICI Direct,https://www.moneycontrol.com/news/business/stocks/sell-usdinr-target-of-74-80-icici-direct-7647731.html
10994392,Shaktikanta Das given 3-year extension as RBI governor,https://www.thehindu.com/business/Economy/shaktikanta-das-given-3-year-extension-as-rbi-governor/article37224735.ece
10994429,"Share Market Live: SGX Nifty Hints At A Flat Start; IRCTC, IndiGo, NTPC, DLF, Airtel In Focus",https://www.bloombergquint.com/markets/share-market-live-sgx-nifty-hints-at-a-flat-start-irctc-indigo-ntpc-dlf-airtel-in-focus
10994404,"Trade Spotlight | What should you do with ITC, IndusInd Bank, United Spirits stocks?",https://www.moneycontrol.com/news/business/markets/trade-spotlight-what-should-you-do-with-itc-indusind-bank-united-spirits-stocks-7647441.html
10994405,Supply constraints an opportunity for fundamental change at companies ,https://www.moneycontrol.com/news/opinion/supply-constraints-an-opportunity-for-fundamental-change-at-companies-7647711.html
10994411,"Gold set for third weekly gain as US bond yields, dollar tumble",https://economictimes.indiatimes.com/markets/commodities/news/gold-set-for-third-weekly-gain-as-us-bond-yields-dollar-tumble/articleshow/87352751.cms
10994406,"""FAANG is now MANGA"": Jokes, memes unleashed as Facebook becomes Meta",https://www.moneycontrol.com/news/trends/meta-facebook-name-change-faang-is-now-manga-jokes-memes-unleashed-as-facebook-becomes-meta-7647631.html
10994407,"Daily Voice | First-mover advantage, profitability, growth prospects make Nykaa a top pick, says Jyoti Roy of Angel One",https://www.moneycontrol.com/news/business/ipo/daily-voice-first-mover-advantage-profitability-growth-prospects-make-nykaa-a-top-pick-says-jyoti-roy-of-angel-one-7647451.html
10994412,Oil prices set for first weekly drop since August as supply concerns ease,https://economictimes.indiatimes.com/markets/commodities/news/oil-prices-set-for-first-weekly-drop-since-august-as-supply-concerns-ease/articleshow/87352694.cms
10994413,Asian shares slip despite signs of optimism on global economy,https://economictimes.indiatimes.com/markets/stocks/news/asian-shares-slip-despite-signs-of-optimism-on-global-economy/articleshow/87352618.cms
10994421,F&O Strategy: Nandish Shah recommends a Bear Spread strategy on Nifty,https://www.business-standard.com/article/markets/f-o-strategy-nandish-shah-recommends-a-bear-spread-strategy-on-nifty-121102900165_1.html
10994420,MARKETS: Indices to start on a flat note; Fino Payments Bk IPO opens today,https://www.business-standard.com/article/markets/market-live-sensex-nifty-indigo-irctc-tata-power-adani-gas-fino-ipo-121102900167_1.html
10994414,SGX Nifty up 20 points; here's what changed for market while you were sleeping,https://economictimes.indiatimes.com/markets/stocks/news/sgx-nifty-up-20-points-heres-what-changed-for-market-while-you-were-sleeping/articleshow/87352399.cms
10994415,"Stock in Focus: Indigo, IRCTC, RBL Bank, Tata Power, Amara Raja, Dr Reddy's Labs and more",https://economictimes.indiatimes.com/markets/stocks/news/stock-in-focus-indigo-irctc-rbl-bank-tata-power-amara-raja-dr-reddys-labs-and-more/videoshow/87352350.cms
10994361,"Cryptocurrency Prices Today: Ethereum surges nearly 10%, Shiba Inu plunges 22%",https://www.moneycontrol.com/news/business/cryptocurrency/cryptocurrency-prices-today-ethereum-surges-nearly-10-shiba-inu-plunges-22-7647501.html
10994389,Gold Got A Digital Facelift. How's That Going?,https://www.bloombergquint.com/business/gold-got-a-digital-facelift-hows-that-going
10994362,"S&P, Nasdaq hit record closing highs on earnings bullish",https://www.moneycontrol.com/news/world/sp-nasdaq-hit-record-closing-highs-on-earnings-bullish-7647641.html
10994363,"Joe Biden, pushing $1.75 trillion spending bill, dealt setback on infrastructure",https://www.moneycontrol.com/news/world/joe-biden-pushing-1-75-trillion-spending-bill-dealt-setback-on-infrastructure-7647621.html
10994365,Evergrande makes coupon payment ahead of Friday deadline: Sources,https://www.moneycontrol.com/news/world/evergrande-makes-coupon-payment-ahead-of-friday-deadline-sources-7647611.html
10994390,"Zerodha’s Nithin Kamath On How To Make Peace, And Money, With Stocks",https://www.bloombergquint.com/business/zerodhas-nithin-kamath-on-how-to-make-peace-and-money-with-stocks
10994371,"Stocks in the news: NPTC, Marico, TCPL, Indigo, RBL Bank and SBI Cards",https://economictimes.indiatimes.com/markets/stocks/news/stocks-in-the-news-nptc-marico-tcpl-indigo-rbl-bank-and-sbi-cards/articleshow/87351924.cms
10994366,Morning Scan: All the big stories to get you started for the day,https://www.moneycontrol.com/news/trends/current-affairs-trends/morning-scan-all-the-big-stories-to-get-you-started-for-the-day-84-7647581.html
10994367,Top 10 things to know before the market opens,https://www.moneycontrol.com/news/business/markets/top-10-things-to-know-before-the-market-opens-142-7647511.html
10994368,"Petrol gets costlier by 35 paise, diesel by 37 paise, as fuel prices make records every day",https://www.moneycontrol.com/news/india/petrol-gets-costlier-by-35-paise-diesel-by-37-paise-as-fuel-prices-make-records-every-day-7647561.html
10994369,"Hot Stocks | 'Can bet on UltraTech Cement, L&T Infotech and TVS Motor for double-digit returns in short term'",https://www.moneycontrol.com/news/business/markets/hot-stocks-can-bet-on-ultratech-cement-lt-infotech-and-tvs-motor-for-double-digit-returns-in-short-term-7647401.html
10994370,US announces $144 million in humanitarian aid for people of Afghanistan,https://www.moneycontrol.com/news/world/us-announces-144-million-in-humanitarian-aid-for-people-of-afghanistan-7647521.html
10994387,"Petrol, Diesel Rates Hiked For Third Straight Day. See Rates",https://www.ndtv.com/business/petrol-and-diesel-price-today-october-29-2021-petrol-diesel-rates-hiked-for-third-straight-day-see-rates-2591770
10994360,Private equity wants to play the IPL,https://finshots.in/archive/private-equity-wants-to-play-the-ipl/
10994372,"Future Group seeks lenders' nod to recast Rs 8,400 crore FEL debt post Reliance deal",https://economictimes.indiatimes.com/markets/companies/future-group-seeks-lenders-nod-to-recast-rs-8400-crore-fel-debt-post-reliance-deal/articleshow/87351770.cms
10994373,Fresh tax notices to FPIs over capital gains,https://economictimes.indiatimes.com/markets/stocks/news/fresh-tax-notices-to-fpis-over-capital-gains/articleshow/87351411.cms
10994359,Top Stock Picks For Samvat 2078: Brokerages,https://www.bloombergquint.com/markets/top-stock-picks-for-samvat-2078-brokerages
10994374,Key member deboards Foresight-led consortium eyeing Shipping Corporation,https://economictimes.indiatimes.com/markets/companies/key-member-deboards-foresight-led-consortium-eyeing-shipping-corporation/articleshow/87351338.cms
10994375,Godrej family looks to divide a $4.1 billion empire,https://economictimes.indiatimes.com/markets/stocks/news/godrej-family-looks-to-divide-a-4-1-billion-empire/articleshow/87351068.cms
10994351,Facebook changes name to Meta as it refocuses on virtual reality,https://www.business-standard.com/article/technology/mark-zuckerberg-changes-facebook-s-name-to-meta-announces-metaverse-plan-121102900011_1.html
10994352,"IndiGo Q2 results: Loss widens 20% to Rs 1,435 cr on rising crude oil",https://www.business-standard.com/article/companies/indigo-sees-strong-recovery-in-air-travel-but-fuel-price-could-play-spoiler-121102801569_1.html
10994424,"Meme-teoric: 'Shiba inu' tokens gain 87,000,000% in a year",https://www.business-standard.com/article/international/meme-teoric-shiba-inu-tokens-gain-87-000-000-in-a-year-121102900087_1.html
10994346,"Bombay High Court grants bail to Aryan Khan, 2 others in cruise drugs case",https://www.business-standard.com/article/current-affairs/cruise-drugs-case-bombay-high-court-grants-bail-to-aryan-khan-121102801130_1.html
10994340,"Sebi's investor charter to be notified next month, won't be legally binding",https://www.business-standard.com/article/markets/sebi-s-investor-charter-to-be-notified-next-month-won-t-be-legally-binding-121102801498_1.html
10994347,"Run-up to COP26: Emissions to rise as focus shifts to recovery, says IEA",https://www.business-standard.com/article/economy-policy/developing-nations-falling-behind-in-clean-energy-investment-iea-report-121102800703_1.html
10994348,Gold demand in India back to pre-Covid levels in September quarter: WGC,https://www.business-standard.com/article/markets/gold-demand-in-india-back-to-pre-covid-levels-in-september-quarter-wgc-121102701479_1.html
10994345,"Morgan Stanley downgrades Indian markets, advises partial sell-off",https://www.business-standard.com/article/economy-policy/morgan-stanley-downgrades-indian-markets-advises-partial-sell-off-121102801191_1.html
10994343,GST shortfall: Centre releases Rs 1.6 trillion to states this fiscal year,https://www.business-standard.com/article/economy-policy/centre-releases-full-rs-1-59-trillion-to-states-this-fiscal-121102801332_1.html
10994355,Govt extends nationwide containment measures till November 30,https://www.business-standard.com/article/current-affairs/govt-extends-nationwide-containment-measures-till-november-30-121102900055_1.html
10994333,Compare your bank FD rates,https://www.livemint.com/money/personal-finance/compare-your-bank-fd-rates-11635450053625.html
10994326,NSE-BSE bulk deals: Eriska Investment Fund sells stake in NDTV,https://economictimes.indiatimes.com/markets/stocks/news/nse-bse-bulk-deals-eriska-investment-fund-sells-stake-in-ndtv/articleshow/87347380.cms
10994318,Health insurance policies can’t be renewed after grace period,https://www.livemint.com/money/personal-finance/health-insurance-policies-can-t-be-renewed-after-grace-period-11635449486891.html
10994330,Govt seeks Facebook algorithm details amid hate speech allegations: Report,https://www.business-standard.com/article/technology/govt-seeks-facebook-algorithm-details-amid-hate-speech-allegations-report-121102801644_1.html
10994319,Here’s all that you need to know about pursuing higher education in the UK,https://www.livemint.com/money/personal-finance/heres-all-that-you-need-to-know-about-pursuing-higher-education-in-the-uk-11635448880349.html
10994331,Sebi brings slew of protocols under tough new investment norms for MF staff,https://www.business-standard.com/article/markets/sebi-brings-slew-of-protocols-under-tough-new-investment-norms-for-mf-staff-121102801637_1.html
10994335,Railway ministry asks IRCTC to share 50% of revenue from convenience fee,https://www.business-standard.com/article/economy-policy/railway-ministry-asks-irctc-to-share-50-of-revenue-from-convenience-fee-121102900042_1.html
10994322,Government Plans To Sell Small Cooking Gas Cylinders Through Ration Shops,https://www.ndtv.com/business/government-plans-to-sell-small-cooking-gas-cylinders-through-ration-shops-2591686
10994320,Three ways to boost your health insurance cover,https://www.livemint.com/money/personal-finance/three-ways-to-boost-your-health-insurance-cover-11635448433479.html
10994306,Ramco Systems reports standalone Q2 loss at Rs 172 mn,https://economictimes.indiatimes.com/markets/stocks/earnings/ramco-systems-reports-standalone-q2-loss-at-rs-172-mn/articleshow/87347079.cms
10994342,"Paytm pegs IPO at $20 bn valuation, Vijay Sharma says life to become QSQT",https://www.business-standard.com/article/companies/paytm-pegs-ipo-at-20-bn-valuation-vijay-sharma-says-life-to-become-qsqt-121102801485_1.html
10994336,Vastu Housing Finance raises $200 million from a consortium of investors,https://www.business-standard.com/article/companies/vastu-housing-finance-raises-200-million-from-a-consortium-of-investors-121102900038_1.html
10994308,"Tata Power Q2 net up 36% on power distribution, solar business revenue",https://economictimes.indiatimes.com/markets/stocks/earnings/tata-power-q2-net-up-36-on-power-distribution-solar-business-revenue/articleshow/87346955.cms
10994321,Is it the right time to refinance your home loan?,https://www.livemint.com/money/personal-finance/is-it-the-right-time-to-refinance-your-home-loan-11635447836316.html
10994332,"Indices post biggest fall in 6 mths as inflation, valuation trigger selloff",https://www.business-standard.com/article/markets/indices-post-biggest-fall-in-6-mths-as-inflation-valuation-trigger-selloff-121102801468_1.html
10994425,"Markets Today: Key levels for Sensex, Nifty; Policybazaar IPO review",https://www.business-standard.com/podcast/markets/markets-today-key-levels-for-sensex-nifty-policybazaar-ipo-review-121102900023_1.html
10994314,"Mark Zuckerberg changes Facebook's name to Meta, announces Metaverse plan",https://www.business-standard.com/article/technology/mark-zuckerberg-changes-facebook-s-name-to-meta-announces-metaverse-plan-121102900011_1.html
10994323,Government Says Adequate Quantity Of Fertilisers Available In Country,https://www.ndtv.com/business/government-dispels-reports-of-fertiliser-shortage-says-adequate-supply-available-2591673
10994315,"Family can pull out of gold scheme in case depositor dies, says RBI",https://www.business-standard.com/article/finance/rbi-allows-withdrawal-from-gold-deposit-schemes-in-case-of-death-121102801597_1.html
10994293,Facebook unveils Horizon plans; interoperability key,https://www.moneycontrol.com/news/business/facebook-unveils-horizon-plans-interoperability-key-7647341.html
10994317,"Azim Premji donated Rs 27 cr per day in FY21, retains top giver rank",https://www.business-standard.com/article/current-affairs/azim-premji-donated-rs-27-cr-per-day-in-fy21-retains-top-giver-rank-121102801125_1.html
10994316,"SC denies Rs 923-crore refund to Bharti Airtel, quashes HC order",https://www.business-standard.com/article/companies/sc-quashes-high-court-order-denies-rs-923-cr-gst-refund-to-airtel-121102801408_1.html
10994294,Trade setup for Friday: Top 15 things to know before Opening Bell,https://www.moneycontrol.com/news/business/markets/trade-setup-for-friday-top-15-things-to-know-before-opening-bell-138-7646641.html
10994376,"Skill management, project execution new hurdles post pandemic: L&T CFO R Shankar Raman",https://economictimes.indiatimes.com/markets/companies/skill-management-project-execution-new-hurdles-post-pandemic-lt-cfo-r-shankar-raman/articleshow/87351504.cms
10994857,"Reliance's JioPhone Next Goes On Sale On Diwali For Rs 6,499",https://www.bloombergquint.com/business/reliances-jiophone-next-goes-on-sale-from-diwali-for-rs-6499
10994852,Escorts Q2 net profit declines 24% to Rs 173 crore,https://www.moneycontrol.com/news/business/earnings/escorts-q2-net-profit-declines-24-to-rs-173-crore-7653901.html
10994856,"BPCL Net Profit Rises 24% To Rs 3,200 Crore In September Quarter",https://www.ndtv.com/business/bharat-petroleum-corporation-limited-bpcl-q2-fy22-results-net-profit-rises-20-to-rs-2-694-crore-in-september-quarter-2592923
10994853,"Indians' belief in country's economic future has diminished, says Raghuram Rajan",https://www.moneycontrol.com/news/business/economy/indians-belief-in-countrys-economic-future-has-diminished-says-raghuram-rajan-7653891.html
10994849,JioPhone Next to hit stores on Deepavali,https://www.thehindu.com/business/jiophone-next-to-hit-stores-on-diwali/article37240036.ece
10994848,Centre extends RBI Governor Das’s tenure for 3 more years ,https://www.thehindu.com/business/centre-extends-rbi-governor-dass-tenure-for-3-more-years/article37240238.ece
10994847,Wheels India net more than doubles to ₹21 cr. ,https://www.thehindu.com/business/wheels-india-net-more-than-doubles-to-21-cr/article37240758.ece
